Ada	14	14	12	12	-	14	-	-	-
Adela	12	-	-	12	-	-	10	-	-
Adelina	-	-	-	-	10	10	-	-	12
Adina	24	23	25	15	22	29	18	26	22
Adna	-	12	-	-	-	-	-	-	-
Adriana	-	12	-	-	12	-	-	-	-
Agnes	921	476	472	441	397	362	271	256	222
Aida	13	14	10	-	10	-	16	20	15
Aina 	15	12	16	-	-	-	-	-	-
Aisha	26	33	28	13	15	12	10	-	14
Ajla	26	27	28	18	22	-	-	10	15
Alba	23	19	17	14	22	14	14	-	-
Albina	-	-	-	-	14	-	-	-	-
Aleksandra	-	-	-	-	12	10	-	15	10
Alexandra	159	186	205	190	279	247	298	373	279
Alexsandra	-	-	-	-	-	-	10	-	-
Alexia	-	11	-	11	-	-	-	-	11
Aleyna	12	-	-	-	-	-	-	-	-
Alice	799	886	755	664	514	443	455	375	389
Alicia	367	360	339	320	258	211	189	180	235
Alina	46	42	58	34	29	22	18	22	21
Alisa 	14	14	10	-	-	-	-	-	-
Alissa 	-	-	10	-	-	-	-	-	-
Allis	18	19	18	-	10	-	-	-	-
Alma	415	423	401	373	339	292	235	218	144
Alva	895	844	833	830	683	546	451	354	290
Alwa	21	17	11	19	17	-	-	-	-
Alvina	14	14	11	11	10	-	10	-	-
Amalia	14	19	21	19	12	21	14	24	16
Amanda	549	667	702	739	787	853	897	974	1,037
Amber 	-	13	11	-	-	-	-	-	-
Amela	-	-	-	-	-	-	10	-	-
Amelia	149	115	40	27	34	28	23	37	68
Amelie	57	56	44	43	32	23	20	17	22
Amélie 	-	11	-	-	-	-	-	-	-
Amilia	16	20	-	11	12	-	-	-	-
Amina	56	32	43	41	37	40	33	30	37
Amira	14	14	21	-	17	-	-	10	-
Amy	28	26	16	26	19	19	14	11	15
Anastasia	22	19	27	15	14	20	12	10	22
Anastasija	-	10	-	-	-	-	-	-	-
Andrea	51	60	78	98	84	97	102	83	97
Andréa	-	12	-	17	16	15	15	10	13
Angela	19	-	20	16	18	14	-	12	13
Angelica	40	45	44	64	72	73	64	94	112
Angelika	11	-	-	-	-	10	14	13	18
Angelina	149	99	56	58	41	31	14	-	20
Anisa	-	-	-	-	-	-	11	-	-
Anita	13	-	-	11	-	12	10	-	-
Anja	29	25	32	45	36	36	29	26	21
Anna	293	294	351	432	437	435	471	504	536
Anni	-	-	-	10	-	-	-	-	-
Annie	109	128	123	132	121	157	118	137	143
Annika	16	13	11	11	-	19	14	26	37
Antonia	30	23	22	22	33	22	22	26	24
Aprilia 	11	13	-	-	-	-	-	-	-
Asta	15	12	13	15	-	-	-	-	-
Astrid	242	169	163	149	123	109	126	94	101
Aurora	27	24	25	16	17	18	-	-	10
Ava	19	-	13	10	-	11	-	-	-
Aya	30	18	26	17	16	20	17	-	12
Ayla	14	13	10	11	-	-	-	-	-
Aylin	11	-	11	10	-	-	-	-	-
Azra 	-	-	13	-	-	-	-	-	-
Bea	10	16	-	13	-	-	13	-	-
Beata	17	18	24	24	23	23	37	21	16
Beatrice	39	36	33	48	61	52	64	84	81
Belinda	-	14	14	15	-	12	18	12	-
Bella	61	51	37	32	21	15	10	-	-
Berfin	-	-	-	-	-	10	12	12	-
Betty	11	10	11	-	-	-	10	13	-
Bianca	90	76	64	62	61	56	42	37	32
Blenda	12	19	11	14	-	-	-	-	-
Britta	12	-	-	-	-	-	-	-	-
Caisa	-	-	-	-	-	11	-	12	-
Cajsa	42	43	65	64	67	72	82	68	76
Camilla	15	16	14	26	21	23	32	26	51
Carla 	24	12	13	-	-	-	-	-	-
Carmen	-	10	-	-	10	-	-	-	-
Carolin	-	-	-	10	-	-	10	14	13
Carolina	40	34	36	54	52	63	69	96	103
Caroline	36	43	63	75	109	122	132	187	240
Casandra	-	-	-	15	-	-	-	-	10
Cassandra	73	64	87	81	73	74	90	88	84
Cecilia	79	58	88	86	107	125	128	147	150
Celina	21	21	20	34	26	24	28	26	27
Celine	42	36	42	39	31	38	43	35	37
Céline	-	-	11	-	-	-	-	17	16
Chanel 	12	12	-	-	-	-	-	-	-
Chanelle 	-	10	-	-	-	-	-	-	-
Charlotta	-	-	-	-	10	12	14	16	20
Charlotte	12	14	14	16	14	21	36	30	24
Christina	18	11	18	14	19	22	21	20	23
Christine	-	-	-	-	12	-	14	19	20
Cindy	-	-	-	11	-	-	-	-	10
Clara	327	330	351	338	340	335	256	273	252
Claudia	17	19	16	39	33	38	37	34	35
Cornelia	262	280	181	197	198	188	213	232	190
Dalia	-	14	16	14	-	14	13	-	-
Dana	-	-	12	-	11	-	-	-	-
Dania	-	13	-	-	-	-	-	-	-
Daniela	25	21	21	20	20	19	27	23	35
Daniella	49	53	49	70	58	58	56	75	70
Deborah	-	-	-	-	-	-	-	-	10
Denice	-	12	-	-	-	13	14	-	11
Denise	27	37	49	47	37	44	42	50	65
Denize	-	10	13	-	12	-	-	10	-
Desirée	-	11	15	14	-	14	-	13	18
Diana	33	57	49	65	53	55	54	36	65
Dilan	-	-	-	-	-	-	-	10	-
Dilara	15	10	10	12	12	-	-	-	-
Dina	24	25	28	22	10	11	-	10	11
Disa	46	38	39	37	33	34	21	26	17
Donia	-	-	-	10	-	-	-	-	-
Doris 	19	13	-	-	-	-	-	-	-
Ebba	705	773	780	706	661	635	684	605	578
Edit	35	37	21	16	18	13	-	11	-
Edith	71	44	42	43	32	14	19	20	11
Eira	21	14	28	15	10	13	15	-	15
Elena	18	21	11	13	-	-	-	-	-
Eleonora	19	21	-	-	10	11	14	13	-
Elicia 	20	12	15	-	-	-	-	-	-
Elif	-	-	-	-	-	-	-	16	-
Elin	758	869	980	1,051	1,044	944	999	1,076	1,037
Elina	199	217	171	194	145	127	135	121	103
Elinor	15	-	10	15	-	-	19	22	16
Elisa	35	31	26	20	24	17	14	14	15
Elisabet	-	-	10	-	-	-	-	11	-
Elisabeth	25	22	24	28	25	17	27	31	39
Elise	97	90	95	57	66	51	46	49	50
Elissa 	-	11	-	-	-	-	-	-	-
Eliza	11	11	-	-	-	-	-	-	-
Elizabeth	-	-	-	-	10	-	-	-	-
Ella	759	801	776	687	572	353	267	195	198
Elle 	10	13	-	-	-	-	-	-	-
Ellen	506	498	549	510	517	433	463	416	379
Elli	14	-	-	-	-	-	-	-	-
Ellie	50	38	38	35	21	13	-	-	-
Ellinor	84	65	65	92	108	103	135	142	144
Ellinore	-	-	-	-	-	12	17	-	22
Elly	18	16	11	-	10	-	-	-	-
Elma	60	51	40	38	38	35	25	20	20
Elna	19	11	29	19	12	12	-	-	-
Elsa	624	602	619	473	427	308	259	210	224
Elvina	14	-	-	-	-	-	-	-	-
Elvira	256	237	223	238	198	164	164	134	132
Elwira	12	-	-	13	-	-	-	-	-
Embla	71	51	49	48	52	29	19	18	19
Emeli 	-	10	-	-	-	-	-	-	-
Emelia	14	-	-	-	13	-	-	-	12
Emelie	327	343	403	444	438	464	506	602	608
Emely	-	-	-	-	13	-	-	10	-
Emilia	630	553	565	626	629	563	601	611	307
Emilie	19	17	17	24	21	17	17	22	24
Emily	43	43	43	40	30	36	49	35	50
Emina	14	18	19	13	17	14	18	16	14
Emma	1,014	1,103	1,260	1,375	1,220	1,115	1,186	1,394	1,467
Emmelie	-	10	-	13	16	12	13	18	22
Emmi	21	11	20	21	16	10	12	10	-
Emmie	57	69	74	53	40	49	47	35	43
Emmy	131	144	143	127	128	127	155	136	128
Emy	17	11	12	15	-	-	-	11	13
Engla	209	147	105	94	75	56	30	16	11
Enya	28	25	21	21	16	13	-	-	-
Erica	31	29	53	39	53	64	93	96	107
Erika	29	45	47	55	69	70	96	116	127
Erna	10	-	12	-	-	11	-	-	-
Esmeralda	22	10	20	19	14	11	15	-	15
Esra	-	-	11	-	-	-	10	10	10
Estelle	39	39	29	20	25	17	12	14	-
Ester	152	142	101	98	63	47	36	31	25
Esther	79	68	32	35	27	25	21	21	13
Estrid 	-	-	10	-	-	-	-	-	-
Eva	23	14	16	19	15	19	16	16	18
Evelin	-	-	10	10	-	-	-	10	-
Evelina	210	211	225	220	251	204	269	315	310
Eveline	10	-	-	-	-	-	18	10	11
Evelyn	11	15	11	16	13	14	-	12	13
Fannie	-	-	-	12	-	14	-	18	10
Fanny	177	208	216	268	293	278	323	354	392
Fatima	44	43	28	38	39	38	26	32	29
Fatma	10	13	10	-	-	-	13	11	10
Felicia	518	531	509	600	624	635	661	617	721
Felizia	15	-	13	-	-	-	11	-	-
Fia	13	-	-	21	14	11	-	11	14
Fideli	-	-	-	-	17	-	-	-	-
Filippa	448	526	424	376	373	292	307	289	246
Fiona	14	21	12	10	-	-	-	-	-
Flora 	25	14	12	-	-	-	-	-	-
Fredrica	-	-	-	-	-	-	-	-	10
Fredrika	22	17	19	24	26	22	29	40	30
Freja	254	128	118	89	55	51	49	37	51
Freya	13	-	-	-	-	-	-	-	-
Frida	320	406	423	459	455	389	476	494	609
Gabriela 	10	13	-	-	-	-	-	-	-
Gabriella	87	89	91	102	86	80	115	138	135
Gabrielle	-	-	-	-	-	13	-	-	-
Gina	-	-	-	-	-	-	11	-	-
Gloria	-	-	-	15	-	-	-	-	-
Grace	11	-	-	-	-	-	-	-	-
Greta	82	88	72	44	40	39	27	34	20
Gry	17	15	21	16	-	-	12	11	-
Hana	13	17	13	-	10	-	-	11	-
Hanan	-	-	-	-	-	11	-	11	-
Hanin 	-	10	-	-	-	-	-	-	-
Hanna	556	659	668	754	778	838	854	856	846
Hannah	149	138	175	179	197	186	165	173	151
Harriet	10	-	-	-	-	-	-	-	-
Havanna 	-	15	-	-	-	-	-	-	-
Havin	-	21	-	-	-	-	-	-	-
Hedda	93	127	87	106	115	73	62	38	50
Hedvig	57	61	69	54	55	43	44	40	34
Heidi	13	12	10	14	15	16	-	-	-
Helen	-	-	10	12	10	10	15	11	14
Helena	20	20	23	34	25	25	36	35	48
Helin	18	19	17	16	12	27	15	11	12
Henny	-	-	-	-	-	-	11	-	-
Henrietta	-	-	-	-	-	-	-	-	12
Hiba	10	13	-	-	11	11	-	-	-
Hilda	189	149	138	114	121	111	86	76	61
Hillevi	18	11	17	-	14	-	-	11	14
Hilma	89	80	67	52	59	44	54	24	18
Hoda	-	-	-	-	-	-	-	10	-
Holly	12	-	-	-	-	-	-	-	-
Ida	849	904	1,012	973	935	863	810	735	747
Idun	36	24	13	-	14	-	-	-	-
Ilse 	-	-	11	-	-	-	-	-	-
Iman	14	12	19	28	19	23	30	16	13
Ina	21	26	26	20	18	20	12	29	19
Indra	31	30	40	45	18	-	-	-	-
Ines	57	39	22	23	15	12	13	-	12
Inez	82	51	47	38	26	21	21	-	13
Ingrid	112	96	94	68	34	45	39	36	40
Iris	87	67	45	36	31	24	12	11	19
Irma	106	90	97	70	70	59	36	33	28
Isa	73	70	74	56	57	41	50	36	42
Isabel	79	72	72	54	53	51	41	47	42
Isabell	75	110	96	98	68	81	105	85	97
Isabella	271	219	219	238	232	212	196	203	199
Isabelle	323	283	242	264	254	227	243	209	222
Isolde	14	16	13	-	14	-	-	-	-
Isra	10	-	-	12	-	-	-	-	-
Iza	19	30	34	18	13	14	-	-	-
Izabel 	-	10	-	-	-	-	-	-	-
Izabell	14	14	14	14	13	15	26	12	10
Izabella	51	65	52	63	41	48	47	46	33
Izabelle	39	53	42	43	42	43	37	24	18
Jacqueline	15	11	13	15	17	20	14	25	19
Janina	-	11	-	-	-	11	11	11	18
Jasmin	56	60	48	50	45	44	39	44	49
Jasmina	10	11	-	11	10	-	13	15	12
Jasmine	89	82	77	65	77	89	77	81	82
Jeanette	-	-	-	-	-	-	-	13	-
Jenna	20	18	17	16	13	15	10	-	10
Jennie	25	33	24	42	35	49	55	73	66
Jennifer	159	180	239	300	294	338	388	358	340
Jenny	53	68	73	75	93	114	159	159	205
Jessica	68	56	75	83	87	90	137	181	188
Jessie	-	13	-	-	-	-	11	-	-
Jessika	-	-	-	-	14	-	24	18	14
Jill	11	13	12	-	-	-	10	10	-
Joanna	18	20	19	20	22	24	24	28	36
Johanna	224	253	283	407	467	485	521	640	713
Jolin 	12	11	16	-	-	-	-	-	-
Jolina	17	15	12	12	-	-	-	-	-
Joline	54	62	45	26	14	17	17	21	-
Jonna	112	110	142	154	168	135	152	158	146
Josefin	93	104	149	167	188	183	231	253	268
Josefina	10	10	26	22	15	23	20	23	19
Josefine	115	188	190	211	230	227	277	257	310
Josephine	26	37	34	45	52	53	63	50	47
Judit	12	-	-	-	-	-	-	-	-
Judith	21	17	15	16	16	12	11	13	-
Julia	921	914	945	896	998	1,162	1,243	1,230	1,171
Julie	30	29	20	-	20	13	10	-	-
Juni	54	29	23	14	-	-	-	-	-
Junia	13	-	-	-	-	-	-	-	-
Junie	13	-	-	-	-	-	-	-	-
Kajsa	178	183	184	247	249	233	242	190	193
Karin	65	63	66	87	68	98	96	126	99
Karla	11	13	-	-	-	10	-	-	-
Karolin	-	-	-	-	-	11	-	-	11
Karolina	28	35	33	37	47	54	47	75	81
Katarina	16	18	22	21	21	21	34	33	34
Katja	11	12	16	19	12	13	13	17	18
Kelly	21	15	18	17	16	17	14	11	19
Kerstin	28	26	15	33	14	20	21	-	13
Kim	-	11	24	16	18	16	17	30	19
Kimberly	13	-	-	-	14	12	14	-	10
Kira 	12	10	-	-	-	-	-	-	-
Klara	420	384	445	390	393	409	323	271	258
Kristin	-	-	12	-	15	26	26	21	43
Kristina	25	28	39	28	33	42	34	52	75
Laila	10	-	-	-	-	14	-	-	-
Lana	24	22	26	12	13	-	18	-	-
Lara	40	49	35	23	27	26	17	12	20
Laura	60	51	58	57	34	40	27	35	32
Lava 	15	11	10	-	-	-	-	-	-
Lea	114	109	84	53	51	40	15	10	10
Leah	84	74	32	26	30	-	12	-	-
Leia	129	98	85	38	24	18	12	-	-
Leija	10								
Leila	15	21	16	13	-	14	15	-	10
Lejla	22	23	20	19	19	16	11	14	17
Lena	13	13	-	15	-	11	-	14	-
Leona	30	31	19	13	18	11	-	-	-
Leonora	15	12	10	12	-	-	-	10	-
Leya	11	-	-	-	-	-	-	-	-
Li	12	20	16	10	-	11	-	-	-
Lia	15	29	26	17	18	12	-	-	-
Lilja 	23	-	17	-	-	-	-	-	-
Lilian	-	-	-	13	12	-	-	12	-
Lilly	90	57	35	26	15	15	11	-	14
Lily 	26	19	-	-	-	-	-	-	-
Lina	212	270	246	260	275	259	280	270	309
Linda	44	49	66	68	96	102	111	156	199
Line	35	33	29	36	27	23	20	12	15
Linn	322	314	408	408	408	388	494	353	368
Linnea	428	423	415	428	438	411	446	424	450
Linnéa	414	446	476	476	493	420	532	523	477
Lisa	298	332	333	344	375	375	387	369	374
Lisen	21	30	16	17	10	16	-	-	-
Liv	115	150	134	107	93	58	53	52	26
Livia	69	58	59	37	26	20	13	-	-
Liza	16	13	13	22	10	17	17	11	-
Lizette	-	-	-	-	10	-	10	16	16
Lo 	15	18	16	-	-	-	-	-	-
Lorin	16	-	11	12	-	-	-	-	-
Lotta	16	13	-	11	13	-	10	18	19
Louisa	11	17	16	-	-	11	14	-	-
Louise	111	133	159	162	169	208	219	266	305
Lova	250	258	276	256	119	71	49	39	42
Lowa	34	26	33	18	-	-	-	-	-
Lovis	39	29	26	25	16	17	-	11	-
Lovisa	429	402	454	474	454	396	387	391	425
Lucia	14	12	16	-	-	-	-	-	-
Luna	25	29	14	14	12	-	-	-	-
Louisa	-	-	-	-	-	-	-	-	13
Lydia	52	34	36	43	36	46	51	54	45
Lykke 	14	14	-	-	-	-	-	-	-
Madeleine	40	63	68	107	105	121	161	161	182
Madelen	-	-	-	-	10	-	11	-	15
Madelene	-	20	18	34	35	37	40	56	74
Madicken	19	14	14	20	22	15	14	16	-
Magda	-	10	10	14	15	12	-	13	10
Magdalena	25	23	21	34	39	41	43	54	51
Maia	17	-	10	-	-	12	10	-	-
Maija	-	-	-	-	11	-	-	-	-
Maj 	10	-	13	-	-	-	-	-	-
Maja	780	824	845	726	650	670	667	674	430
Majken	59	65	41	32	17	22	11	-	-
Malak	12	13	12	11	-	-	-	-	-
Malin	104	121	158	202	191	199	262	326	413
Malou	21	18	11	29	16	12	21	14	-
Malva	107	94	86	70	63	45	31	20	10
Malvina	12	11	-	11	-	-	-	-	-
Manar	-	-	-	-	10	-	-	-	-
Manda	-	-	-	-	13	-	-	-	-
Maria	126	132	148	144	161	158	185	189	227
Mariam	34	39	46	38	20	38	34	29	33
Marie	16	15	17	-	18	15	18	36	39
Marielle	-	-	-	-	-	-	-	20	15
Marika	-	-	-	-	-	-	-	10	24
Marina	10	12	21	17	19	17	23	24	20
Marion	-	-	-	-	-	-	-	-	10
Marta	-	11	13	-	-	-	-	-	10
Martina	32	37	45	48	44	60	59	59	69
Marwa	12	10	11	11	11	-	-	10	-
Mary	-	12	-	-	-	10	-	-	-
Maryam	18	16	13	27	17	14	11	14	12
Maryama	-	-	-	-	-	-	11	-	-
Mathilda	107	158	171	179	205	215	224	215	226
Mathilde	-	-	10	11	12	15	10	-	-
Matilda	394	473	567	537	604	574	585	589	618
Matilde 	-	-	10	-	-	-	-	-	-
Maya	215	192	160	114	116	100	61	48	24
Medina	13	14	16	-	-	12	10	13	-
Meja	187	143	132	89	51	44	24	17	-
Melanie	28	28	17	25	22	22	17	21	20
Melina	63	69	55	67	57	67	48	52	36
Melinda	27	28	42	52	52	57	56	54	46
Melisa	27	17	21	14	18	20	15	21	20
Melissa	97	91	100	84	73	67	69	64	54
Melody	-	12	10	-	-	-	-	-	-
Merve	-	-	-	-	-	-	-	-	12
Meya 	34	19	10	-	-	-	-	-	-
Mia	37	31	25	30	24	19	18	20	25
Micaela	-	-	-	-	-	15	20	16	17
Michaela	32	21	27	41	34	41	51	61	108
Michelle	88	89	92	106	102	111	106	117	140
Mika	17	11	11	-	13	21	-	18	13
Mikaela	44	70	60	69	106	105	117	157	213
Milla	71	67	63	48	42	24	21	12	-
Millie	19	-	-	-	10	-	-	-	-
Milly 	-	-	13	-	-	-	-	-	-
Mimmi	45	35	41	33	41	53	58	59	53
Mina	30	35	25	28	22	28	17	21	15
Minea 	-	12	10	-	-	-	-	-	-
Minna	92	96	87	79	52	64	52	44	42
Minou	13	-	-	-	-	-	-	-	-
Mira	141	135	112	84	56	50	43	28	25
Miranda	152	123	94	139	96	106	83	88	79
Mirella	11	-	-	-	-	-	-	-	-
Miriam	45	20	29	40	32	33	28	45	36
Mirjam	20	20	15	19	16	14	13	15	12
Moa	622	695	711	815	797	689	741	805	780
Mollie	31	21	16	23	14	10	13	15	-
Molly	295	245	203	182	154	137	105	103	84
Mona	18	27	29	23	18	21	38	33	31
Monika	-	-	-	-	-	-	-	-	11
My	127	148	152	147	155	150	178	156	129
Myra 	17	12	11	-	-	-	-	-	-
Märta	98	99	74	70	59	57	37	37	29
Märtha	17	16	11	14	10	-	-	-	-
Nadia	30	27	26	21	21	21	13	24	28
Nadin	-	-	-	-	-	-	-	-	13
Nadine	16	12	21	22	12	15	17	10	11
Nadja	33	28	34	41	47	42	48	56	34
Naemi	11	-	-	-	-	-	-	-	-
Naima	19	16	10	-	10	-	10	12	-
Najma	-	-	-	12	-	-	-	-	-
Nancy	16	14	16	-	-	-	-	11	-
Nanna	-	12	15	10	10	-	-	-	11
Naomi	39	28	23	11	18	12	14	-	12
Narin	-	-	-	-	-	13	-	10	-
Natali	-	12	-	-	-	-	-	12	17
Natalia	22	17	15	14	11	12	10	11	18
Natalie	180	138	138	130	158	127	129	108	129
Natasha	-	20	16	17	13	18	14	19	15
Nathalie	203	202	193	216	241	226	260	214	262
Nea	42	40	52	25	15	11	-	-	-
Nell	13	-	-	-	-	-	-	-	-
Nelli 	16	20	11	-	-	-	-	-	-
Nellie	378	315	271	233	199	142	125	128	132
Nelly	139	127	112	115	102	79	66	61	80
Nemi 	12	10	-	-	-	-	-	-	-
Nicole	135	132	116	145	117	110	133	125	131
Nicolina	-	16	10	20	19	15	21	17	13
Nike	58	30	28	35	26	20	24	13	21
Niki	14	11	13	-	11	10	12	14	-
Nikita	32	15	31	31	25	27	40	23	34
Nikki	25	26	19	14	21	10	-	10	16
Nikolina	10	-	-	-	-	-	-	-	11
Nina	55	67	63	49	54	65	59	64	77
Ninni	11	11	14	-	-	-	-	10	-
Nisa	12	-	-	-	-	-	-	-	-
Noelia 	-	10	-	-	-	-	-	-	-
Noelle	13	11	-	-	-	-	-	-	-
Noomi	26	14	18	14	12	-	-	-	-
Noor	18	-	12	11	12	11	15	16	12
Nor	10	-	-	-	-	-	14	13	-
Nora	316	290	307	262	263	258	247	237	168
Norah	26	35	31	15	-	-	-	-	-
Norea	-	-	-	-	-	11	14	10	-
Nour	15	18	17	14	12	15	-	11	12
Nova	362	308	229	119	90	51	32	-	-
Novalie 	14	14	-	-	-	-	-	-	-
Ofelia	-	-	15	23	14	-	-	12	-
Olga	12	15	13	-	16	14	11	-	-
Olivia	436	458	464	439	407	373	428	393	377
Oliwia	-	-	-	11	-	-	-	-	-
Ophelia	12	-	-	-	-	-	-	-	-
Othilia	-	12	15	13	-	11	-	-	-
Ottilia	22	25	24	21	23	15	18	20	24
Pamela	-	-	-	-	-	10	-	-	13
Patricia	30	33	25	35	50	46	47	63	82
Paula	21	31	31	35	23	28	26	24	26
Paulina	44	27	53	46	67	56	48	82	78
Pauline	22	15	29	14	16	17	20	28	34
Penny 	-	12	-	-	-	-	-	-	-
Perla	12	-	-	-	-	-	-	-	-
Pernilla	-	-	-	-	16	21	18	30	47
Petra	13	18	25	21	21	27	31	34	50
Petronella	-	11	-	13	11	14	23	16	20
Philippa	22	28	20	20	18	20	15	19	-
Pia	-	-	-	-	-	-	-	-	11
Rakel	11	22	-	15	-	11	-	-	-
Rania	-	-	-	-	10	-	11	-	-
Rebecca	123	127	169	159	218	238	212	234	263
Rebecka	128	154	164	162	170	180	205	242	299
Regina	-	-	-	-	14	-	11	12	11
Rim	-	-	-	-	12	-	-	12	10
Rojin	-	14	-	-	-	-	-	-	-
Ronja	180	145	186	172	191	151	175	152	147
Ronya	11	-	-	-	-	-	-	-	-
Rosa	14	-	11	-	-	-	-	-	-
Rosanna	-	-	-	-	10	-	-	11	-
Rut	27	35	18	23	13	-	11	-	-
Ruth	10	10	11	10	15	-	10	-	-
Sabina	37	38	43	48	72	61	63	80	86
Sabrina	12	17	10	17	13	13	20	-	22
Safa	11	-	-	-	-	-	-	-	-
Saga	531	503	536	433	393	288	292	204	170
Sally	29	28	25	12	22	18	18	25	36
Salma	28	34	23	16	27	19	15	14	11
Samantha	14	11	-	19	19	28	14	12	21
Samira	19	21	14	11	17	11	17	21	12
Sana	-	-	-	13	-	-	-	-	-
Sandra	126	144	164	190	208	262	310	351	395
Sandy	-	-	-	-	-	-	-	-	10
Sanja 	-	-	10	-	-	-	-	-	-
Sanna	116	99	137	177	163	168	223	214	261
Sanne	-	-	-	-	10	-	-	-	11
Sara	401	462	452	469	546	542	620	594	609
Sarah	61	69	77	67	85	91	91	100	109
Savannah	25	12	-	-	-	10	-	-	-
Selin	11	14	16	16	16	-	-	-	-
Selina	-	10	-	11	15	12	-	-	-
Selma	273	245	183	174	193	146	111	77	49
Shirin	-	10	-	-	-	-	-	-	-
Signe	186	134	114	102	81	82	55	38	48
Sigrid	84	64	65	69	39	38	30	37	30
Silje	-	-	-	-	-	-	-	11	-
Silvia	-	-	-	-	-	-	-	13	-
Simona	10	-	12	14	11	-	-	17	-
Simone	19	31	23	21	34	31	38	52	35
Siri	140	103	96	108	70	72	68	58	39
Smilla	103	109	113	120	128	72	48	33	11
Sofi	-	-	15	-	-	-	14	19	13
Sofia	336	345	355	425	402	473	463	489	542
Sofie	89	113	125	124	148	134	137	197	221
Sol	-	10	-	-	10	-	11	-	-
Sonia	12	-	12	13	17	-	-	-	13
Sonja	39	38	37	29	31	24	13	22	20
Sophia	52	39	36	33	29	32	34	36	43
Sophie	31	40	48	49	37	33	44	40	45
Stella	350	247	167	136	101	57	52	32	28
Stephanie	26	21	24	37	31	26	39	39	52
Stina	235	253	226	180	189	149	157	165	185
Sumaya	-	-	10	-	10	-	-	-	-
Susanna	-	-	-	19	20	18	19	19	25
Svea	78	66	40	23	10	11	-	-	-
Tamara	-	-	-	-	-	10	-	-	-
Tania	10	-	-	-	-	-	-	-	-
Tanja	-	-	13	18	17	14	12	17	23
Tanya	-	-	-	-	-	-	-	-	12
Tara	31	27	27	12	18	16	13	10	11
Tea	94	46	76	57	79	56	34	29	29
Tekla	17	13	-	12	-	-	-	-	-
Telma	10	11	-	-	10	-	-	-	-
Teodora	12	-	-	-	-	-	-	-	-
Terese	-	-	-	-	-	-	10	23	20
Teresia	-	-	-	-	-	-	10	-	-
Tess	37	41	55	45	34	27	27	16	16
Thea	320	353	374	386	311	158	103	70	50
Thelise	10	-	-	-	-	-	-	-	-
Thelma	27	25	35	26	52	58	-	-	-
Theodora	-	-	-	10	-	-	-	-	-
Therese	22	27	35	31	60	73	67	116	127
Therése	-	-	-	-	-	-	-	19	15
Thilda	38	33	43	46	42	25	20	15	15
Thilde	27	37	35	43	28	29	18	-	-
Thindra	25	27	26	16	-	-	-	-	-
Thyra	39	29	37	23	16	11	-	-	-
Tiffany	11	26	13	17	23	19	13	11	12
Tilda	432	432	510	505	524	416	373	229	152
Tilde	327	378	440	426	413	377	257	132	57
Tilia 	10	-	11	-	-	-	-	-	-
Tilly 	15	10	11	-	-	-	-	-	-
Tina	31	21	33	36	36	22	39	38	29
Tindra	486	499	467	440	314	126	49	25	-
Tintin	13	20	19	17	18	19	22	13	10
Tone	-	11	-	11	-	-	-	-	-
Tora	22	23	32	26	28	36	24	19	21
Tova	156	174	202	200	196	173	172	138	82
Towa	-	18	11	11	13	12	14	-	11
Tove	109	101	111	153	148	161	142	130	117
Towe	-	-	-	-	-	15	-	-	14
Tua	-	-	12	-	-	11	-	-	-
Tuva	382	360	373	290	271	198	103	68	47
Tuwa 	14	-	16	-	-	-	-	-	-
Tuva-Li	12	-	-	-	-	-	-	-	-
Tyra	338	277	192	181	106	87	44	40	26
Ulrika	-	-	-	-	11	13	-	11	22
Valentina	17	17	27	25	20	15	17	17	17
Vanesa	-	-	-	10	-	-	-	-	-
Vanessa	97	88	83	67	89	71	79	63	63
Vanja	21	24	26	26	23	23	19	20	19
Vanna	11	13	-	10	-	-	-	-	-
Vega	29	23	22	15	14	-	-	-	-
Vendela	110	115	135	119	123	102	106	103	103
Wendela	-	-	15	12	-	-	27	-	-
Vera	231	207	175	147	102	111	67	63	46
Wera	11	-	-	14	-	10	-	-	-
Veronica	14	12	10	20	23	22	38	49	46
Veronika	11	10	14	-	10	-	19	16	-
Whilma	-	-	-	-	-	10	-	-	-
Victoria	81	99	96	123	134	121	179	194	210
Vida 	-	13	11	-	-	-	-	-	-
Viktoria	49	47	60	60	67	61	85	86	101
Vilda	42	35	33	33	18	-	15	-	-
Wilda	56	34	40	26	25	15	-	-	-
Vilja	23	20	18	14	11	-	-	-	-
Villemo	-	10	-	-	-	-	-	-	-
Vilma	191	154	174	157	155	157	242	271	258
Wilma	652	592	623	713	732	731	887	573	575
Viola	36	32	14	21	14	11	19	17	13
Yara 	13	14	-	-	-	-	-	-	-
Yasmin	36	26	31	28	19	23	29	25	12
Yasmine	31	22	21	27	21	19	18	21	17
Ylva	42	32	41	62	49	52	32	40	37
Yrsa	-	-	-	-	17	-	-	-	-
Zahra	26	25	21	13	19	13	10	14	13
Zahraa	-	14	-	-	10	-	-	-	-
Zainab	-	16	12	12	-	-	13	14	-
Zandra	-	-	-	-	-	-	10	-	14
Zanna	-	-	-	-	13	-	-	-	-
Zara	17	-	-	14	14	12	11	-	-
Zeinab	-	-	-	-	10	-	10	10	-
Zelda 	11	17	-	-	-	-	-	-	-
Zilan	11	-	-	-	-	-	-	-	-
Zoe	22	-	-	12	11	-	-	-	-
Åsa	-	17	-	10	-	10	18	13	13
Ängla	36	24	-	11	-	-	-	-	-
